[
null,
{"id":1,"battlerName":"Actor1_1","characterIndex":0,"characterName":"Actor1","classId":1,"equips":[2,0,0,3,0],"faceIndex":0,"faceName":"Actor1","traits":[],"initialLevel":1,"maxLevel":99,"name":"Reid","nickname":"","note":"","profile":""},
{"id":2,"battlerName":"","characterIndex":0,"characterName":"","classId":2,"equips":[0,0,0,0,0],"faceIndex":0,"faceName":"","traits":[],"initialLevel":1,"maxLevel":99,"name":".","nickname":"","note":"","profile":""},
{"id":3,"battlerName":"","characterIndex":0,"characterName":"","classId":2,"equips":[0,0,0,0,0],"faceIndex":0,"faceName":"","traits":[],"initialLevel":1,"maxLevel":99,"name":".","nickname":"","note":"","profile":""},
{"id":4,"battlerName":"","characterIndex":0,"characterName":"","classId":2,"equips":[0,0,0,0,0],"faceIndex":0,"faceName":"","traits":[],"initialLevel":1,"maxLevel":99,"name":".","nickname":"","note":"","profile":""},
{"id":5,"battlerName":"","characterIndex":0,"characterName":"","classId":2,"equips":[0,0,0,0,0],"faceIndex":0,"faceName":"","traits":[],"initialLevel":1,"maxLevel":99,"name":".","nickname":"","note":"","profile":""},
{"id":6,"battlerName":"","characterIndex":0,"characterName":"","classId":2,"equips":[0,0,0,0,0],"faceIndex":0,"faceName":"","traits":[],"initialLevel":1,"maxLevel":99,"name":".","nickname":"","note":"","profile":""},
{"id":7,"battlerName":"","characterIndex":0,"characterName":"","classId":2,"equips":[0,0,0,0,0],"faceIndex":0,"faceName":"","traits":[],"initialLevel":1,"maxLevel":99,"name":".","nickname":"","note":"","profile":""},
{"id":8,"battlerName":"","characterIndex":0,"characterName":"","classId":2,"equips":[0,0,0,0,0],"faceIndex":0,"faceName":"","traits":[],"initialLevel":1,"maxLevel":99,"name":".","nickname":"","note":"","profile":""}
]