[
null,
{"id":1,"list":[{"code":101,"indent":0,"parameters":["",0,0,2,""]},{"code":401,"indent":0,"parameters":["You start a conversation with the enemy."]},{"code":357,"indent":0,"parameters":["OZZ-SMTDemons","smtCopyTargetName","Copy target name to variable",{"variableId":"1","originalName":"false"}]},{"code":657,"indent":0,"parameters":["Target variable = 1"]},{"code":657,"indent":0,"parameters":["Use original name = false"]},{"code":357,"indent":0,"parameters":["OZZ-SMTDemons","smtHasTarget","Check target recruited",{"switchId":"1"}]},{"code":657,"indent":0,"parameters":["Result switch = 1"]},{"code":111,"indent":0,"parameters":[0,1,0]},{"code":101,"indent":1,"parameters":["",0,0,2,""]},{"code":401,"indent":1,"parameters":["\\c[2]\\v[1]:\\c[0]"]},{"code":401,"indent":1,"parameters":["Say hi to my friend!"]},{"code":357,"indent":1,"parameters":["OZZ-SMTDemons","smtNegotiationTargetEscape","Negotiation target escape",{}]},{"code":101,"indent":1,"parameters":["",0,0,2,""]},{"code":401,"indent":1,"parameters":["\\v[1] left."]},{"code":115,"indent":1,"parameters":[]},{"code":0,"indent":1,"parameters":[]},{"code":412,"indent":0,"parameters":[]},{"code":101,"indent":0,"parameters":["",0,0,2,""]},{"code":401,"indent":0,"parameters":["\\c[2]\\v[1]:\\c[0]"]},{"code":401,"indent":0,"parameters":["You want me to join you?"]},{"code":102,"indent":0,"parameters":[["Yes","No"],1,0,2,0]},{"code":402,"indent":0,"parameters":[0,"Yes"]},{"code":357,"indent":1,"parameters":["OZZ-SMTDemons","smtAddNegotiationTarget","Recruit negotiation target",{"switchId":"1"}]},{"code":657,"indent":1,"parameters":["Result switch = 1"]},{"code":111,"indent":1,"parameters":[0,1,0]},{"code":357,"indent":2,"parameters":["OZZ-SMTDemons","smtCopyTargetName","Copy target name to variable",{"variableId":"1","originalName":"true"}]},{"code":657,"indent":2,"parameters":["Target variable = 1"]},{"code":657,"indent":2,"parameters":["Use original name = true"]},{"code":101,"indent":2,"parameters":["",0,0,2,""]},{"code":401,"indent":2,"parameters":["\\c[2]\\v[1]:\\c[0]"]},{"code":401,"indent":2,"parameters":["My name is \\v[1], let's be friends!"]},{"code":0,"indent":2,"parameters":[]},{"code":411,"indent":1,"parameters":[]},{"code":101,"indent":2,"parameters":["",0,0,2,""]},{"code":401,"indent":2,"parameters":["\\c[2]\\v[1]:\\c[0]"]},{"code":401,"indent":2,"parameters":["I think you got too many friends already."]},{"code":401,"indent":2,"parameters":["Guess I'll go on my own. Bye!"]},{"code":0,"indent":2,"parameters":[]},{"code":412,"indent":1,"parameters":[]},{"code":357,"indent":1,"parameters":["OZZ-SMTDemons","smtNegotiationTargetEscape","Negotiation target escape",{}]},{"code":0,"indent":1,"parameters":[]},{"code":402,"indent":0,"parameters":[1,"No"]},{"code":101,"indent":1,"parameters":["",0,0,2,""]},{"code":401,"indent":1,"parameters":["\\c[2]\\v[1]:\\c[0]"]},{"code":401,"indent":1,"parameters":["Well that was awkward..."]},{"code":0,"indent":1,"parameters":[]},{"code":404,"indent":0,"parameters":[]},{"code":0,"indent":0,"parameters":[]}],"name":"Talk","switchId":1,"trigger":0},
{"id":2,"list":[{"code":101,"indent":0,"parameters":["",0,0,2,""]},{"code":401,"indent":0,"parameters":["The enemy didn't react!"]},{"code":0,"indent":0,"parameters":[]}],"name":"Negotiation Failed","switchId":1,"trigger":0},
{"id":3,"list":[{"code":0,"indent":0,"parameters":[]}],"name":"","switchId":1,"trigger":0},
{"id":4,"list":[{"code":0,"indent":0,"parameters":[]}],"name":"","switchId":1,"trigger":0}
]